<configuration>
        <shutdownHook class="ch.qos.logback.core.hook.DelayingShutdownHook" />
        <property name="DEV_HOME" value="./logs" />
        <!-- ===================================================== -->
        <!-- Common Config -->
        <!-- ===================================================== -->

        <!-- JUL/JDK14 to Logback bridge -->
        <contextListener class="ch.qos.logback.classic.jul.LevelChangePropagator">
                <resetJUL>true</resetJUL>
        </contextListener>

        <statusListener class="ch.qos.logback.core.status.NopStatusListener" />

        <!-- Service Log (Rollover every 500MB, max 11 logs) -->
        <appender name="SERVICE"
                class="ch.qos.logback.core.rolling.RollingFileAppender">
                <file>${DEV_HOME}/application.log</file>
                <rollingPolicy class="ch.qos.logback.core.rolling.FixedWindowRollingPolicy">
                        <fileNamePattern>${log.service.output:-application.log}.%i
                        </fileNamePattern>
                        <minIndex>1</minIndex>
                        <maxIndex>10</maxIndex>
                </rollingPolicy>
                <triggeringPolicy
                        class="ch.qos.logback.core.rolling.SizeBasedTriggeringPolicy">
                        <maxFileSize>500MB</maxFileSize>
                </triggeringPolicy>
                <encoder>
                        <pattern>%date : %logger - %level [%thread] | %msg %n</pattern>
                </encoder>
        </appender>

        <!-- Access Log (Rollover every 500MB, max 11 logs) -->
        <appender name="ACCESS"
                class="ch.qos.logback.core.rolling.RollingFileAppender">
                <file>${DEV_HOME}/access.log</file>
                <rollingPolicy class="ch.qos.logback.core.rolling.FixedWindowRollingPolicy">
                        <fileNamePattern>${log.access.output:-access.log}.%i
                        </fileNamePattern>
                        <minIndex>1</minIndex>
                        <maxIndex>10</maxIndex>
                </rollingPolicy>
                <triggeringPolicy
                        class="ch.qos.logback.core.rolling.SizeBasedTriggeringPolicy">
                        <maxFileSize>500MB</maxFileSize>
                </triggeringPolicy>
                <encoder>
                        <pattern>%msg %X{traceId}%n</pattern>
                </encoder>
        </appender>

        <!-- ===================================================== -->
        <!-- Primary Async Appenders -->
        <!-- ===================================================== -->

        <property name="async_queue_size" value="${queue.size:-1024}" />
        <property name="async_max_flush_time" value="${max.flush.time:-0}" />

        <appender name="ASYNC-SERVICE" class="ch.qos.logback.classic.AsyncAppender">
                <queueSize>${async_queue_size}</queueSize>
                <maxFlushTime>${async_max_flush_time}</maxFlushTime>
                <appender-ref ref="SERVICE" />
        </appender>

        <appender name="ASYNC-ACCESS" class="ch.qos.logback.classic.AsyncAppender">
                <queueSize>${async_queue_size}</queueSize>
                <maxFlushTime>${async_max_flush_time}</maxFlushTime>
                <appender-ref ref="ACCESS" />
        </appender>

        <!-- ===================================================== -->
        <!-- Package Config -->
        <!-- ===================================================== -->

        <!-- Per-Package Config -->
        <logger name="com.twitter" level="OFF" />
        <logger name="ProtocolAdapater-HTTP" level="INFO" />
        <logger name="ProtocolAdapater-HTTP-ConnectedCars" level="INFO" />

        <!-- Root Config -->
        <root level="OFF">
                <appender-ref ref="ASYNC-SERVICE" />
        </root>

        <!-- Access Logging -->
        <logger name="com.twitter.finatra.http.filters.AccessLoggingFilter"     level="info" additivity="false">
                <appender-ref ref="ASYNC-ACCESS" />
        </logger>

</configuration>
